ID,Employment_period,Time_in_current_department,Gender,Team_leader,Age,Member_of_professional_organizations,Dot_Net,SQL_Server,HTML_CSS_Java_Script,PHP_mySQL,Fast_working,Awards,Communicative
6723,5,4,0,1,48,1,1,1,0,1,1,0,1
8923,5,3,1,1,26,1,1,0,0,1,1,0,0
2322,11,8,0,0,34,0,0,1,1,0,1,0,1
235,7,5,1,1,27,1,0,1,0,1,1,1,0
9523,18,8,0,0,38,0,0,0,1,1,1,1,1
8142,10,9,0,0,45,1,0,0,0,0,0,1,0
7655,16,4,1,1,36,1,1,1,0,1,0,1,0
5244,7,4,1,1,32,1,0,0,1,0,0,0,1
15940,16,5,0,0,36,0,0,1,0,0,1,0,0
3203,19,3,1,1,39,1,1,0,1,0,0,1,0
16293,19,5,0,1,39,1,0,1,0,0,1,0,1
18954,17,8,1,0,55,1,1,1,1,1,1,1,0
14569,17,4,1,1,37,1,0,0,0,0,1,0,0
7465,20,7,0,1,40,1,0,0,1,1,1,1,1
9807,8,2,0,0,48,0,0,1,1,1,0,1,0
974,11,11,0,1,36,1,1,0,1,1,0,1,1
6405,1,1,1,1,34,1,1,1,0,1,1,1,1
11247,17,3,1,1,44,0,0,1,1,0,1,1,1
609,10,3,0,1,54,0,1,0,0,0,0,1,1
2421,10,9,0,0,43,1,0,1,1,1,1,1,0
6852,19,11,0,1,52,1,0,0,0,1,0,0,0
5170,11,11,0,0,42,1,0,1,1,1,1,1,1
7702,13,7,1,1,33,1,0,1,1,0,0,0,0
7678,14,7,0,1,34,1,0,0,0,0,1,1,0
13993,14,10,0,0,44,1,0,0,0,1,0,0,1
5487,8,8,0,1,39,1,0,0,1,0,1,0,1
16157,6,3,0,0,42,1,0,1,1,0,0,0,1
12867,10,6,0,1,55,0,0,1,0,0,1,0,0
1063,3,2,1,1,37,0,0,0,0,0,0,0,0
2640,15,10,0,0,43,1,0,0,0,1,1,0,1
11176,14,6,0,0,34,0,1,0,1,1,0,0,1
11085,20,2,0,1,50,1,1,1,0,1,0,0,0
15856,14,2,0,0,54,1,0,0,1,0,1,0,1
9212,1,1,1,1,40,1,1,0,1,1,0,1,1
17372,5,4,1,1,40,1,1,1,1,0,1,1,1
9793,17,9,1,1,42,0,0,1,0,0,0,1,1
10063,19,9,1,0,39,0,0,0,1,1,1,1,1
14379,13,6,0,1,45,1,1,0,1,1,0,0,0
12892,4,4,1,1,54,1,0,1,0,0,0,1,1
2566,1,1,0,1,35,0,0,0,0,0,1,1,1
19711,18,4,0,1,47,0,1,1,1,0,1,0,0
4604,1,1,1,1,40,0,0,0,0,1,0,0,1
10158,20,9,0,0,53,1,1,0,1,0,1,0,0
3456,5,5,0,1,32,0,0,0,0,0,0,1,1
2831,12,9,1,1,32,0,0,1,1,1,1,1,1
10081,15,12,0,1,53,0,0,1,0,1,1,0,0
13120,4,4,0,1,33,1,0,1,0,0,1,0,1
6510,4,2,0,0,39,0,0,0,0,0,1,1,0
3773,1,1,0,0,48,0,0,0,1,1,0,0,0
9743,1,1,1,1,33,0,1,1,0,1,0,1,1
19355,12,11,1,0,54,0,1,0,1,0,0,0,1
3226,14,4,0,1,47,0,1,0,0,1,1,0,1
13953,12,6,1,0,32,0,0,1,0,0,0,1,0
10997,1,1,0,0,31,0,0,1,1,1,1,1,0
17622,17,9,1,1,45,0,1,0,0,1,1,1,1
9170,10,2,0,0,49,1,1,1,1,1,1,1,1
15645,2,2,1,0,54,1,1,0,1,1,1,1,0
3149,13,10,1,0,33,0,0,1,0,1,1,1,0
14405,3,3,1,0,31,1,1,1,0,0,1,1,1
10535,9,7,0,1,30,0,1,0,0,1,0,1,1
2898,11,4,1,1,31,1,0,0,0,1,1,1,1
9539,8,4,0,0,28,1,1,0,0,0,1,1,0
18635,7,7,0,1,38,1,1,1,0,1,0,1,0
703,13,5,0,0,38,1,0,1,1,1,1,1,0
9758,2,2,0,0,44,1,1,1,0,0,1,1,1
19832,19,5,1,0,39,1,1,1,1,0,0,1,0
5911,4,4,0,0,31,0,1,0,0,1,1,0,1
8358,10,9,0,1,30,1,0,0,1,0,1,0,1
10478,17,4,0,1,46,0,0,0,0,1,1,1,1
4082,4,4,0,0,27,1,0,1,1,0,1,1,1
14772,7,2,0,0,35,1,0,0,0,0,0,1,0
11203,4,4,0,0,51,0,1,1,0,0,0,0,1
15645,8,5,0,0,28,0,1,0,1,1,0,1,1
4429,11,9,1,1,36,0,0,0,1,0,0,1,1
12698,7,7,1,1,30,0,1,0,0,0,0,0,1
1648,4,4,0,0,55,0,1,1,1,1,0,1,0
8858,3,3,0,1,32,0,1,1,0,1,0,0,0
12709,9,4,1,1,43,0,1,1,1,0,0,0,1
2383,4,4,0,0,53,1,0,1,0,0,1,0,1
11814,20,4,1,0,50,1,0,0,1,1,1,1,1
8822,1,1,0,1,37,0,0,1,0,1,1,1,1
4485,10,9,0,0,40,0,1,1,1,0,0,1,0
12291,7,7,0,1,52,0,1,0,0,1,1,1,1
17459,12,7,0,1,32,1,1,0,1,0,1,0,0
10196,10,10,0,0,42,1,0,1,0,0,1,0,1
17497,4,4,0,0,51,0,0,1,0,0,0,1,1
10695,5,5,0,0,39,0,1,1,0,0,1,0,1
1706,10,3,1,0,37,1,0,1,0,0,0,0,1
2504,17,2,1,0,46,0,0,0,1,1,1,0,0
20051,17,9,1,1,37,0,0,0,0,1,1,0,1
10346,16,3,0,0,36,0,1,1,1,1,1,0,0
2905,12,2,0,1,32,1,0,0,0,0,0,1,1
4473,3,3,0,1,28,0,1,1,0,0,0,1,1
16549,10,8,0,1,47,0,1,0,0,1,1,1,0
2642,20,5,1,0,47,0,1,0,1,1,1,0,1
17000,12,12,1,0,43,0,0,0,1,0,0,0,0
1642,2,2,1,0,43,0,1,0,1,0,0,1,0
1114,13,11,0,1,33,0,1,1,0,0,0,0,0
1927,14,10,0,1,34,0,0,0,1,1,0,0,0
8657,17,7,0,1,37,1,0,1,0,0,1,0,1
7256,9,3,1,1,45,0,1,0,0,1,0,1,1
13442,2,2,0,1,40,0,1,0,1,0,1,1,1
11628,8,6,1,1,37,0,0,0,0,0,1,0,1
12859,20,9,0,0,44,0,0,1,0,1,1,1,0
5593,9,2,1,0,29,1,1,0,0,0,0,1,1
6593,1,1,1,0,44,0,0,1,0,1,0,1,0
5800,12,2,0,1,53,0,0,1,0,1,1,1,1
18752,5,5,0,0,35,1,0,0,0,0,0,1,1
14471,15,7,0,0,35,1,1,0,0,0,1,1,1
3557,17,11,1,0,40,0,0,1,0,1,0,0,1
2631,8,3,1,0,41,1,0,0,1,0,0,0,1
19130,11,10,0,1,31,0,0,1,0,0,0,0,0
17695,16,8,0,1,43,1,0,0,0,0,1,1,1
11152,17,8,1,0,37,0,1,0,0,1,0,1,0
4206,5,5,0,1,53,0,0,0,1,0,0,1,0
9172,2,2,1,0,27,0,0,0,0,0,0,0,0
5186,12,10,0,1,32,1,0,1,0,0,0,1,1
4883,3,3,0,1,32,1,1,0,0,1,1,1,1
8455,4,4,0,0,55,1,1,1,0,1,1,0,1
7719,20,5,0,1,54,1,0,0,1,0,1,0,1
2416,20,2,1,1,40,1,0,0,1,0,1,0,0
11183,19,12,1,0,43,0,0,0,0,1,1,0,0
4461,1,1,0,1,51,0,1,1,0,1,0,0,1
1385,6,4,0,0,31,1,1,0,0,0,1,0,0
2350,9,8,1,0,34,1,0,1,1,1,0,1,1
15203,4,4,1,0,35,1,0,1,0,1,0,1,1
7318,10,7,1,1,30,1,0,1,0,1,1,0,1
4592,20,12,1,0,40,1,1,0,1,1,1,1,1
4317,3,3,1,0,51,0,0,1,0,1,0,1,0
5461,14,2,1,0,34,0,1,0,0,0,0,1,0
14353,14,7,0,1,53,1,0,0,0,1,1,0,1
12557,5,5,1,0,25,1,0,1,1,1,0,1,1
5384,3,3,1,1,33,1,1,0,1,0,1,0,1
17924,6,2,0,0,42,1,0,0,1,1,1,0,0
11766,11,2,1,0,44,1,0,1,1,1,0,1,1
7628,19,5,0,1,39,1,0,1,0,1,0,0,0
15069,14,9,1,1,34,0,0,1,1,1,0,1,0
2641,16,7,1,1,36,0,0,0,1,0,0,1,0
10293,14,8,0,1,34,0,0,1,1,0,1,0,1
17019,3,3,1,1,38,1,1,1,1,1,1,1,1
2745,1,1,0,0,28,0,0,1,1,0,0,1,1
16645,11,11,1,1,44,0,0,0,1,1,1,1,1
7238,9,4,1,0,29,1,0,1,1,1,1,0,1
13075,13,3,0,0,33,0,0,0,0,1,1,1,0
18098,4,4,0,0,44,0,1,1,1,0,1,0,1
18604,10,2,0,1,40,1,1,0,1,0,0,0,1
11611,8,8,1,1,28,1,0,0,1,1,0,0,0
12344,2,2,0,1,27,1,1,1,1,0,1,1,0
7021,1,1,1,1,47,1,1,1,1,0,0,0,0
19681,3,3,1,1,40,0,1,0,0,1,0,1,1
6764,10,10,1,1,53,0,0,1,1,0,1,1,0
17444,17,7,1,0,46,1,1,0,0,1,0,0,1
5905,19,6,1,0,39,1,0,0,1,1,0,0,0
12626,5,2,1,0,49,0,1,1,0,1,1,1,0
5652,18,5,0,0,38,0,1,0,0,1,1,0,0
8169,11,6,0,1,31,1,0,1,0,0,0,1,0
9587,3,3,0,1,53,0,1,0,0,1,1,0,1
20058,17,5,0,0,37,0,0,0,1,0,1,0,1
3255,2,2,0,1,25,1,0,1,0,0,1,0,0
12966,17,7,1,0,37,0,0,0,0,1,1,1,1
3872,14,3,0,0,34,1,0,1,1,0,1,0,0
1123,8,3,1,0,34,0,1,1,0,0,1,0,1
5816,12,4,0,0,41,0,1,0,1,0,1,1,1
16524,20,9,0,1,40,0,1,0,1,1,0,1,1
14758,7,6,0,0,29,1,1,0,0,0,1,1,0
10447,19,9,1,0,39,1,1,0,0,1,1,0,0
10390,6,4,0,1,26,0,1,0,0,0,1,0,1
9650,17,6,0,1,49,1,0,1,1,1,1,0,1
16554,6,4,0,1,46,1,1,0,1,0,0,0,1
13069,7,7,1,1,31,1,1,1,0,0,0,1,0
16142,12,12,0,0,41,0,1,0,0,1,1,1,0
3217,10,9,1,0,51,1,1,0,0,1,0,0,1
18005,2,2,0,0,26,0,0,0,1,1,0,0,1
12151,18,6,0,0,38,1,1,0,1,1,0,1,0
15945,3,3,1,1,32,0,0,0,0,1,0,1,1
12968,5,4,1,0,50,1,1,0,1,0,1,0,1
7576,12,11,0,1,32,1,1,0,1,0,0,0,1
19381,3,2,0,1,51,1,0,1,1,0,0,0,1
834,12,7,1,0,41,1,1,0,0,1,1,1,1
18480,1,1,0,1,42,1,1,1,1,0,1,0,0
9936,12,11,1,0,32,0,1,0,1,0,0,1,1
9185,12,4,0,1,54,1,1,1,1,0,1,1,1
19275,13,2,0,0,46,1,0,0,0,0,1,1,1
6593,20,5,1,0,40,1,1,0,0,0,0,1,1
18165,9,2,1,1,29,0,1,0,0,1,1,0,0
6866,16,5,1,1,36,1,1,1,1,1,1,1,0
11087,5,5,1,0,39,1,1,1,0,1,0,0,1
3182,11,11,0,1,40,1,0,1,1,0,1,0,1
3957,3,3,1,1,37,0,1,0,0,0,0,0,0
5455,10,5,0,1,40,1,1,0,1,0,0,0,0
18752,7,3,0,1,44,0,1,0,1,1,0,1,0
19421,14,3,1,1,34,0,1,0,0,0,0,1,1
5532,14,10,0,0,38,1,1,1,1,0,1,0,0
18144,9,7,0,0,50,1,0,1,0,0,1,1,0
12415,1,1,0,0,41,0,0,1,0,0,0,0,1
18097,9,2,0,1,47,0,1,1,1,0,1,0,1
9411,12,12,1,0,40,1,0,0,0,0,1,1,0
13331,20,5,1,0,45,1,0,1,0,0,0,1,1
14571,6,3,1,1,48,0,1,0,0,0,0,0,0
11460,12,11,0,1,41,0,1,0,0,0,1,1,1
4729,18,3,0,1,38,0,1,1,0,1,1,0,0
4155,11,8,1,0,54,0,0,1,1,1,1,1,1
15517,3,3,1,0,40,1,1,1,0,0,1,0,0
5715,3,3,0,1,40,0,0,0,1,1,1,0,1
1235,12,12,0,0,51,0,0,1,1,0,1,1,1
7845,17,7,0,0,43,0,1,1,1,1,1,0,1
4237,6,6,1,0,35,1,0,1,1,1,1,1,1
15100,13,12,0,1,51,1,1,1,1,0,1,1,1
4980,1,1,0,0,45,0,1,1,0,0,0,0,0
11542,17,2,1,1,37,1,0,1,1,0,0,0,0
16393,2,2,1,0,39,1,0,0,0,1,0,0,1
5984,1,1,0,0,32,1,0,0,0,0,0,1,1
9855,3,3,0,0,50,1,1,0,0,1,0,1,1
13929,1,1,0,1,52,1,1,0,1,1,1,1,1
3671,14,3,1,0,47,0,1,0,1,0,1,1,1
7043,11,8,0,0,31,0,1,1,1,0,1,0,0
16297,12,7,0,0,46,0,1,1,1,0,0,1,0
12933,7,7,0,1,50,1,1,0,0,0,1,1,1
19318,10,10,0,0,35,1,0,0,0,1,0,1,0
10643,19,5,1,0,39,1,1,1,1,0,1,0,0
4878,15,10,0,1,53,0,0,0,0,1,1,1,1
16020,20,6,0,0,40,1,0,0,1,0,1,1,0
4479,4,4,1,1,24,0,0,0,0,1,0,0,0
8462,3,3,0,1,52,0,1,0,0,1,1,0,1
9759,4,4,0,1,34,0,1,0,0,1,1,1,1
11282,13,3,0,1,51,1,1,1,1,0,0,1,1
15561,8,8,1,1,28,0,0,1,1,1,1,0,1
1504,14,10,1,1,51,1,1,0,1,0,1,1,0
14071,18,11,0,1,50,0,1,0,1,0,0,1,0
12057,14,11,1,1,37,0,1,1,1,1,1,1,0
18896,13,8,0,1,33,0,1,1,0,1,0,1,1
11713,9,8,1,0,35,0,1,0,0,1,1,0,0
7959,3,3,1,1,47,0,1,1,0,0,1,1,0
17598,19,11,1,1,53,1,1,1,0,0,1,0,0
11497,15,4,1,1,35,1,0,0,1,1,0,0,0
18653,11,11,0,0,31,0,1,0,0,0,1,0,0
14778,9,9,0,1,30,1,0,0,1,1,0,1,1
7133,10,2,0,0,30,0,1,1,1,1,0,0,1
6616,12,10,0,1,40,1,1,0,1,0,1,0,1
7693,18,10,0,1,49,1,0,0,0,0,1,0,0
5061,17,11,0,1,41,1,1,1,1,1,1,1,0
11085,7,3,1,1,52,0,0,1,0,1,1,0,0
19349,13,12,1,0,49,0,0,0,1,1,1,0,0
10432,14,9,1,1,42,1,1,0,1,1,1,1,0
7569,11,7,1,0,42,0,0,0,0,1,0,1,1
5585,8,5,0,1,28,1,0,0,1,0,1,0,1
9475,17,6,0,1,37,1,0,1,0,0,0,0,0
5488,9,9,0,1,41,0,0,0,1,1,1,1,1
15584,4,4,1,1,24,0,1,1,1,1,0,0,0
2636,20,2,1,1,40,0,0,0,0,0,0,0,1
11901,10,10,0,0,52,0,0,0,1,0,0,0,1
6471,8,8,1,0,29,1,1,0,0,0,0,1,1
7683,5,5,1,1,50,0,1,1,0,1,1,0,1
8888,2,2,0,1,46,0,1,1,1,0,1,1,1
4503,7,7,1,1,31,0,1,1,0,0,0,1,0
9583,16,10,1,1,36,1,1,0,1,0,1,0,0
16351,5,5,0,1,51,0,0,0,0,1,0,0,1
1435,13,2,1,0,37,0,1,0,1,1,0,0,0
5552,6,6,0,0,49,0,0,0,0,1,0,1,1
6685,13,12,1,0,51,0,0,1,0,0,0,1,0
17000,7,2,1,1,31,0,0,0,0,0,1,0,1
6118,20,5,1,1,40,1,1,0,0,0,1,1,0
7473,15,3,0,1,40,0,0,1,0,0,1,1,1
10509,16,9,0,0,36,0,1,0,1,1,1,0,1
9164,15,11,1,1,35,1,0,0,0,0,0,0,1
6750,12,3,1,0,32,1,0,0,0,0,1,1,0
11242,16,3,0,0,36,0,1,1,1,0,1,1,0
1776,14,8,1,0,43,1,1,1,0,0,0,1,0
19056,2,2,1,1,54,0,0,0,0,0,1,1,1
18221,5,2,0,0,41,1,1,1,1,0,0,1,0
8848,4,4,0,1,26,0,1,0,1,1,1,1,1
3399,19,12,0,0,42,1,0,0,1,0,1,1,1
10235,4,4,1,0,26,0,1,0,0,1,0,0,0
14058,5,5,1,1,48,1,0,0,0,1,1,1,1
15490,1,1,0,1,34,0,0,1,0,1,0,0,1
6362,19,12,0,1,55,0,0,1,1,1,1,1,0
2672,10,8,0,1,35,0,0,0,0,1,1,1,0
15942,14,5,0,0,34,1,1,0,0,0,0,1,1
3732,8,8,0,0,43,1,0,1,1,0,1,0,1
6749,9,2,0,0,30,1,0,1,0,1,0,0,1
15820,8,6,1,1,48,1,1,0,1,0,1,1,0
20021,6,6,0,1,53,1,0,0,1,0,1,1,1
3427,3,3,1,1,29,1,1,1,0,0,0,0,0
6251,6,6,0,1,37,0,0,0,0,1,1,1,0
998,20,2,1,0,40,1,1,1,0,1,0,1,0
11653,18,7,1,0,38,1,0,0,1,0,0,1,0
16836,12,4,1,0,45,1,0,0,0,1,0,0,1
8724,19,10,1,0,40,0,0,1,1,1,0,0,1
1568,6,6,1,0,31,0,0,0,1,1,1,1,0
17685,6,6,1,1,53,0,1,0,1,1,0,0,0
7295,17,7,1,1,50,1,1,0,1,0,0,0,1
14345,3,3,0,1,25,1,1,1,1,0,1,0,0
18925,4,4,1,1,43,0,1,1,1,0,1,1,1
20073,7,7,0,1,49,0,1,1,1,1,0,1,0
7029,19,6,1,0,52,0,0,0,1,1,1,1,0
12005,5,5,1,1,52,1,0,1,0,0,0,1,1
13279,13,2,1,1,39,0,0,1,1,1,1,1,1
17093,11,3,1,1,42,1,1,0,0,0,0,0,1
14043,6,5,1,1,53,1,0,1,1,1,0,1,0
13951,13,9,0,0,33,1,0,1,1,0,0,1,0
3718,2,2,0,0,46,1,1,0,0,1,1,0,0
10808,20,2,0,0,45,1,1,0,1,0,0,0,0
2348,17,8,1,1,37,1,1,0,0,1,0,0,0
7166,13,6,1,1,47,1,0,0,0,1,1,1,0
15020,5,4,1,1,27,0,0,0,0,0,1,1,1
10907,18,9,0,1,47,0,0,1,1,0,0,1,0
13799,7,7,1,0,46,0,1,1,0,0,1,0,0
13097,20,12,0,0,40,1,1,0,1,1,0,1,0
18082,10,3,1,1,41,1,0,0,1,1,0,0,0
3512,15,2,0,0,35,0,0,1,1,0,1,1,0
16041,5,5,1,0,43,1,0,0,1,0,0,0,0
14520,9,9,1,0,33,1,1,0,0,1,0,0,0
4887,18,2,1,0,38,0,1,0,1,1,1,1,0
5818,2,2,1,1,26,1,0,0,1,0,0,1,1
1358,8,5,0,0,28,0,0,1,1,1,1,1,1
9071,9,4,1,1,49,0,0,0,0,0,0,1,1
4773,6,2,0,0,46,1,1,1,1,0,1,0,0
15811,6,6,1,1,33,0,1,0,0,1,1,0,1
3306,5,5,0,1,46,1,0,1,0,0,0,0,1
17183,13,11,0,1,36,0,0,1,1,0,0,0,0
13343,9,9,1,0,51,0,0,0,0,0,0,1,0
6651,12,6,1,0,46,0,0,1,0,0,0,1,0
16414,10,10,0,1,30,1,1,0,1,0,1,0,1
5343,5,3,0,0,26,0,1,0,1,1,0,0,1
2131,7,7,1,0,31,1,1,1,0,0,1,1,1
13053,20,9,1,1,40,0,0,1,0,0,0,1,0
6424,5,5,1,1,41,0,0,0,0,0,1,1,1
9281,4,4,0,0,32,1,0,0,1,0,0,1,0
18088,11,10,0,0,47,1,1,1,1,0,0,0,0
7461,1,1,1,1,33,0,0,0,0,1,0,0,0
3262,2,2,0,0,51,1,0,0,0,0,1,1,0
17402,1,1,0,0,24,0,0,0,0,0,0,1,0
17023,11,7,0,1,31,0,0,0,0,0,1,1,1
3484,13,10,1,1,33,0,1,1,0,0,0,0,0
1780,2,2,0,0,42,1,1,1,0,1,0,0,1
10623,15,11,1,0,42,1,0,1,0,1,0,0,1
17298,20,2,1,1,42,0,1,0,0,1,0,0,1
14300,15,7,0,0,35,0,1,1,1,0,0,1,0
13258,8,8,0,0,39,1,0,0,0,1,1,1,1
11498,12,12,1,1,40,1,0,1,0,1,1,1,0
2836,15,5,1,0,35,1,0,1,0,0,1,0,0
17959,20,9,0,0,41,0,1,1,1,0,0,1,0
3232,13,8,1,0,38,1,0,0,1,1,1,0,1
16935,2,2,0,1,44,1,0,1,0,1,1,0,1
12820,16,9,1,0,36,0,0,1,0,0,1,1,0
18470,9,9,0,0,30,0,1,1,1,0,0,0,1
3673,3,3,1,1,28,1,0,0,0,0,0,0,1
15757,5,5,0,1,30,0,0,0,1,0,0,1,1
12429,4,4,0,0,54,0,1,0,1,0,1,0,1
4976,1,1,0,1,50,1,1,0,1,0,0,0,0
3312,6,6,0,0,45,0,1,1,1,0,0,0,1
3403,10,10,1,0,45,1,0,0,1,0,0,1,0
5969,4,4,1,0,45,0,1,0,0,0,0,1,1
1529,12,6,1,1,47,0,0,1,1,1,0,1,0
6496,15,3,0,1,51,1,0,0,0,0,0,1,0
1518,17,4,0,0,48,1,1,0,0,0,1,1,1
13463,13,3,1,1,48,1,1,0,0,0,0,1,0
4734,11,11,1,1,31,1,1,1,1,0,0,0,1
14131,5,5,1,1,36,1,0,0,0,0,0,1,0
5680,9,4,0,0,29,1,0,1,0,1,0,1,0
19356,11,4,0,0,53,1,0,1,1,0,0,1,1
1361,19,2,1,0,39,0,1,1,0,0,0,1,0
15970,14,9,0,1,52,0,1,1,1,0,0,0,0
15502,9,3,1,0,40,1,0,0,0,1,1,1,1
8722,19,11,1,0,39,0,0,1,0,0,0,0,0
7648,17,3,0,0,52,0,1,1,0,1,0,0,0
1332,9,4,0,0,52,0,1,1,0,0,1,1,1
11870,19,9,0,0,39,0,1,1,1,1,0,1,0
4279,18,7,0,1,38,0,0,0,0,0,0,0,1
7826,8,8,1,1,44,1,1,0,0,0,1,0,1
11736,17,7,1,1,37,0,0,0,1,1,1,0,1
5286,18,7,0,0,43,1,1,0,0,0,1,0,0
1728,2,2,0,1,24,0,1,0,1,1,1,1,0
7113,14,6,1,1,34,0,0,0,1,0,1,0,1
5011,19,6,0,0,39,0,0,1,0,0,1,0,0
951,1,1,0,0,25,0,0,0,0,0,0,0,1
18503,3,2,0,0,41,0,1,0,0,1,0,1,1
1820,17,9,0,1,37,0,1,0,0,0,1,1,0
5170,19,12,0,0,42,0,1,0,1,1,1,0,0
19373,9,6,0,1,36,0,0,1,0,0,0,0,1
16130,16,12,1,0,37,1,0,0,0,1,1,0,1
1881,1,1,0,0,26,1,1,1,0,0,0,1,0
4880,20,3,1,1,47,0,1,1,0,1,1,1,0
9935,15,3,0,1,37,1,0,0,1,1,1,1,1
14064,17,12,0,1,37,1,0,0,0,1,1,1,1
3968,16,7,0,1,36,0,1,0,0,0,0,1,1
4384,5,4,1,1,49,0,1,1,1,1,0,1,1
16987,17,8,0,0,42,0,0,0,1,1,1,0,1
10290,4,3,1,0,34,1,1,0,0,0,0,1,0
10290,5,2,0,0,28,0,0,1,0,1,1,0,0
2631,15,2,0,0,40,1,0,0,1,0,0,0,1
9226,5,5,1,0,48,0,1,0,0,0,0,0,0
9553,2,2,1,0,39,1,1,1,0,0,1,0,1
2462,19,3,1,0,39,0,0,1,1,1,1,0,0
14090,15,12,1,1,46,0,0,0,0,0,0,1,0
969,9,8,0,0,54,1,0,1,1,0,0,1,0
17527,19,4,1,0,44,0,1,0,1,1,1,1,0
5768,14,6,1,0,34,0,0,0,1,0,1,1,0
17296,10,10,0,0,45,1,1,1,0,0,1,0,0
11156,2,2,0,0,50,1,1,1,0,1,0,1,1
4551,20,7,1,1,40,0,0,1,1,0,0,0,0
16453,4,3,1,1,34,1,0,0,1,0,1,0,0
19139,6,6,0,1,46,1,1,1,0,1,1,1,0
2590,3,3,1,1,28,1,1,0,1,1,0,0,1
1597,18,2,0,0,48,1,0,0,0,0,0,0,1
11703,14,10,0,1,34,0,1,0,1,0,1,0,1
1400,6,4,0,0,43,1,0,0,1,0,0,0,0
11938,3,3,0,0,37,0,0,1,0,1,1,0,1
6667,16,2,1,1,36,0,1,1,1,0,0,1,1
15258,6,5,0,1,54,1,1,1,0,0,1,1,0
5186,1,1,1,1,40,1,1,1,1,0,0,0,1
7107,6,6,1,1,26,1,1,0,1,0,1,1,1
8074,7,2,0,1,27,1,0,1,0,1,0,1,0
9267,15,11,0,1,49,0,0,1,1,0,1,0,1
12713,12,11,1,1,38,1,0,0,0,1,0,0,1
9265,17,8,0,1,46,0,0,1,0,1,1,1,1
12215,8,8,1,0,48,1,0,0,0,1,0,0,0
13891,3,3,1,1,36,1,1,1,0,0,0,1,1
2075,6,6,1,1,38,0,0,0,0,0,1,1,1
7594,15,9,0,1,35,0,0,1,1,0,1,1,0
7743,2,2,1,1,42,0,0,0,0,1,0,0,0
12833,9,6,1,0,35,1,1,0,0,0,0,1,0
14792,20,6,1,0,40,0,0,1,1,0,1,1,1
19902,13,4,1,0,35,0,0,1,1,1,1,0,0
19590,19,3,1,1,40,0,0,1,1,0,1,1,0
781,5,5,0,0,45,0,0,1,0,0,1,0,1
4965,2,2,1,1,53,0,1,0,1,0,1,0,0
1563,17,7,0,1,37,1,1,0,0,1,1,0,1
8818,15,8,0,1,54,0,1,0,0,0,0,0,0
18408,10,10,1,0,50,1,0,1,0,0,0,0,1
18572,8,8,0,0,28,1,1,1,0,1,0,1,1
7842,7,7,0,0,39,1,0,1,1,0,0,0,1
6214,11,9,1,1,52,1,1,1,0,1,1,0,1
15194,3,3,1,1,50,1,0,0,0,0,0,0,0
5713,14,5,1,1,52,0,0,0,1,1,0,0,1
14078,13,9,1,0,42,0,0,0,1,0,0,1,1
17114,1,1,0,0,38,1,0,0,0,0,1,0,0
3137,2,2,0,1,54,0,0,1,1,0,1,1,1
16190,8,8,1,1,30,0,0,1,0,0,0,1,1
15189,18,11,0,0,53,0,0,0,0,0,1,1,1
12126,19,8,0,0,52,1,0,0,0,1,1,1,1
9827,17,6,1,0,49,0,0,0,1,1,1,0,1
5218,5,5,0,0,32,0,0,0,0,1,1,1,1
2296,9,6,1,1,34,1,0,0,1,0,0,1,1
11872,1,1,0,0,41,0,1,1,1,1,0,0,0
6048,16,8,1,1,55,1,0,0,0,1,1,0,1
16942,2,2,1,1,25,1,1,0,0,1,1,0,1
2449,8,8,0,0,35,1,1,0,1,0,0,0,0
3598,5,5,1,0,33,1,0,1,0,1,0,1,1
3918,1,1,0,1,34,1,1,0,0,1,0,1,1
1031,16,11,0,1,36,0,0,0,0,0,1,1,1
4308,3,3,1,1,52,1,0,0,1,1,0,1,1
1029,16,8,0,0,36,1,1,0,0,0,0,1,0
15243,5,5,0,1,27,0,0,0,0,1,1,0,1
11117,5,5,0,0,43,0,0,0,1,1,1,1,0
17167,8,7,0,0,28,0,1,1,1,0,1,1,0
16414,5,5,1,0,42,0,1,1,0,0,0,0,1
741,11,7,0,0,37,0,0,0,0,1,1,0,1
18634,11,4,0,0,35,0,0,1,0,1,1,0,0
3606,17,7,0,1,52,0,0,1,0,0,0,1,0
17285,14,12,0,1,34,0,0,0,1,1,1,1,1
12821,7,4,1,1,46,0,0,1,0,1,0,1,0
10394,8,8,0,1,44,0,1,0,1,0,1,0,1
16152,7,5,0,0,47,0,0,0,1,1,1,0,0
8498,8,8,1,0,49,0,0,1,0,0,1,0,0
9921,11,2,0,0,52,1,0,0,0,1,0,0,1
5209,2,2,1,1,55,0,1,0,1,0,1,1,1
12795,19,12,1,0,43,1,0,0,1,1,0,0,1
6050,14,3,1,0,39,1,0,1,1,1,1,1,0
7637,19,2,0,0,52,1,1,0,1,0,0,1,0
14554,3,3,0,1,24,1,0,0,1,0,0,1,1
6816,10,10,1,0,30,0,0,0,0,1,1,1,0
10880,16,3,0,0,36,1,0,1,1,1,1,1,1
6082,3,3,0,1,26,0,0,0,0,0,0,0,1
18392,7,7,1,1,27,0,0,0,1,0,0,0,1
7324,16,10,0,1,44,1,1,1,1,1,1,0,0
5876,11,5,0,1,34,0,1,0,0,1,1,0,1
8124,14,11,1,0,52,0,0,1,1,1,0,1,0
7246,17,12,1,1,37,0,1,0,0,1,1,1,0
3663,10,9,0,0,41,0,1,1,0,0,0,0,1
1631,18,6,1,0,46,0,1,0,1,1,0,0,0
8574,15,11,1,1,35,0,0,0,1,1,0,1,1
18323,16,2,0,1,36,0,0,1,0,1,0,0,0
18543,20,7,0,1,44,0,0,0,1,0,1,0,0
1785,4,4,0,0,39,0,0,0,1,0,1,1,0
4760,2,2,1,0,34,1,1,0,1,0,1,1,1
1220,19,7,0,1,42,0,0,1,0,0,1,1,0
19438,6,6,0,1,55,0,1,1,0,1,0,0,0
16147,11,9,0,1,37,0,0,0,1,0,0,0,1
10322,1,1,1,1,47,0,1,1,0,0,0,0,0
3579,16,8,0,0,45,0,1,0,0,0,0,0,0
6578,1,1,1,1,51,1,0,1,0,1,0,0,1
11771,15,4,1,0,42,1,0,0,0,0,0,0,0
1155,16,2,1,0,45,0,1,0,1,1,0,0,1
8517,9,8,1,0,50,0,0,0,0,1,1,0,1
10144,6,5,0,0,39,0,1,0,1,1,1,0,1
19245,16,4,1,0,54,1,0,1,0,1,0,0,1
13434,5,5,1,1,52,0,1,0,1,0,1,0,1
4421,13,4,1,1,33,1,1,1,1,0,0,1,1
2692,15,2,1,0,45,1,0,1,1,0,0,1,0
18676,15,12,1,1,44,1,1,0,1,1,1,1,1
6558,12,9,1,0,34,1,0,1,1,0,1,1,0
20078,20,8,1,1,40,0,0,1,0,1,1,1,0
13138,3,3,0,1,51,0,0,1,1,0,0,1,1
1994,8,7,1,1,28,1,0,1,1,1,1,1,0
8354,11,4,0,0,49,1,0,1,1,1,1,1,1
14635,6,2,0,1,41,0,1,0,1,0,1,0,1
3052,9,9,1,0,52,0,0,0,1,1,0,0,1
15618,20,3,0,1,53,1,0,0,1,1,1,1,0
7626,19,2,0,0,47,0,0,1,0,0,0,0,1
16174,3,3,0,1,29,1,0,0,0,1,0,1,1
1033,9,8,0,1,40,1,1,1,0,0,1,1,1
6976,7,4,1,1,38,0,1,1,0,1,1,0,0
1915,15,7,0,0,35,0,0,0,1,0,0,1,0
2884,9,2,0,0,33,0,0,1,0,1,0,0,0
4910,6,6,1,0,41,1,0,0,1,0,0,0,0
12416,10,6,0,0,32,1,0,1,0,0,0,1,1
17260,7,7,1,0,52,1,0,1,0,1,0,0,0
5901,14,4,1,0,39,0,1,0,1,1,0,1,1
10278,8,7,0,0,36,0,0,0,0,0,1,0,1
19032,4,2,0,1,29,1,1,1,1,0,0,0,1
1916,20,11,0,0,40,0,0,1,0,0,0,1,0
3176,13,12,1,1,33,0,1,0,1,1,1,0,1
6601,5,5,1,0,37,0,0,1,1,0,1,0,0
11496,2,2,0,1,40,1,0,1,0,1,1,1,1
10400,4,4,1,0,26,1,0,1,1,0,0,1,0
16072,17,3,1,0,48,0,1,1,0,1,1,0,1
19390,3,3,1,0,35,0,1,1,0,1,1,0,1
15296,13,5,0,0,38,1,0,0,0,1,0,0,0
14083,5,5,0,0,41,1,0,1,0,1,1,1,1
8105,3,3,1,0,35,1,0,1,1,0,0,1,0
19175,2,2,0,0,31,1,0,1,1,0,0,0,1
9357,17,12,0,0,41,0,0,0,0,1,0,0,1
11856,7,3,0,0,35,1,0,0,1,1,1,1,0
8803,8,2,1,0,52,1,1,0,0,0,0,1,1
4338,6,6,1,1,51,1,0,1,1,1,0,0,0
18642,20,11,0,0,40,1,0,0,0,0,1,1,0
19029,4,4,1,1,54,0,1,1,0,1,1,1,1
2130,14,2,1,0,34,1,0,0,1,1,0,1,1
8495,13,2,1,1,33,1,0,0,0,1,1,1,1
4428,6,4,0,1,40,0,1,1,1,0,0,0,1
17762,15,9,0,1,41,1,0,1,1,0,1,0,0
14101,6,6,0,1,48,1,1,1,1,1,0,1,1
10771,19,7,1,0,39,0,0,0,0,0,1,1,0
10025,14,8,0,0,36,0,0,0,1,1,1,1,1
2444,5,2,1,1,42,1,0,1,1,1,1,1,1
4928,2,2,1,1,47,0,1,1,0,0,0,0,1
14574,17,9,0,1,38,1,0,1,1,0,0,0,1
4193,1,1,0,1,52,0,1,0,0,1,0,1,0
15466,2,2,1,1,55,1,0,1,1,0,0,1,1
13897,7,7,1,0,27,1,0,1,1,0,0,1,1
8103,15,10,0,1,49,0,1,0,1,1,0,1,1
6101,17,8,0,1,37,0,0,0,1,0,0,0,1
3047,8,8,0,1,50,0,1,1,0,0,0,0,1
16151,16,12,1,0,36,1,1,0,0,1,0,0,1
14819,13,9,1,0,52,1,0,0,1,0,1,0,1
9418,15,3,1,1,39,0,0,0,1,0,0,0,0
8853,20,9,0,0,52,0,0,0,0,1,0,0,1
11269,14,2,1,1,41,0,0,0,1,1,0,1,1
18950,13,9,1,0,53,0,0,0,1,1,0,1,0
8483,1,1,0,0,33,0,1,1,0,1,1,1,0
6296,3,3,0,0,30,1,0,0,0,0,1,1,0
11067,2,2,0,1,27,1,0,1,1,1,1,1,1
14986,20,4,0,0,40,0,1,1,1,0,1,1,0
16408,19,4,0,0,39,0,0,0,1,0,0,0,0
3637,9,5,0,1,34,0,1,1,0,0,0,0,1
1290,4,4,0,0,43,1,0,0,0,1,1,0,1
747,20,6,1,1,41,0,1,1,1,1,0,1,0
18286,11,9,0,0,40,1,1,0,1,0,0,1,0
10664,12,12,1,0,32,1,1,0,1,1,0,1,0
11416,19,4,0,1,39,1,1,0,0,1,0,1,0
12041,15,10,1,1,35,0,0,0,1,1,0,1,0
13348,11,10,1,0,50,0,1,0,1,1,0,1,1
6020,1,1,1,1,40,0,1,0,1,0,1,0,0
4119,9,4,1,0,42,0,0,0,0,1,0,1,1
911,13,8,0,1,33,0,1,1,1,1,0,0,1
3097,16,4,1,0,37,0,0,0,1,1,1,0,1
8183,8,5,1,0,36,0,1,1,0,0,1,0,1
871,18,12,0,1,41,1,0,1,0,0,1,0,1
3365,11,3,0,0,49,0,0,1,1,1,1,0,0
18108,5,5,1,1,36,1,1,1,1,0,1,1,0
6637,2,2,1,1,44,1,1,0,0,0,0,1,1
3563,3,3,0,1,32,0,1,1,0,1,0,1,1
5377,16,10,0,1,36,0,1,0,1,0,0,1,1
1992,17,10,0,0,41,1,0,1,1,0,1,1,0
16136,10,10,0,0,43,1,1,0,0,0,1,0,1
11511,11,11,1,0,31,0,1,1,1,0,1,1,0
6566,8,8,1,1,28,0,1,1,0,0,1,1,1
18873,13,11,1,1,51,1,0,1,1,1,1,0,0
11830,6,2,1,1,41,1,1,0,1,1,1,1,1
2674,12,5,1,0,40,0,1,0,0,0,1,1,0
17978,16,10,1,0,36,1,1,0,0,0,0,0,0
14395,5,5,0,1,39,1,1,1,1,1,0,0,1
15574,13,11,1,0,53,0,0,0,1,0,0,1,0
876,3,3,1,0,41,1,1,0,1,0,0,0,0
4613,19,7,0,1,53,1,1,1,1,1,0,1,1
5745,13,10,1,0,37,0,0,0,1,0,1,0,0
19291,4,4,0,0,45,0,1,0,0,0,1,1,1
3813,19,3,0,1,54,0,1,1,1,1,1,0,0
2785,4,4,1,0,42,0,0,0,1,0,1,1,0
13084,19,2,1,1,48,1,0,1,1,0,1,1,1
2379,19,6,0,1,39,0,0,0,0,1,1,1,1
3943,11,2,1,0,44,1,0,1,0,0,1,0,0
13703,7,4,1,0,36,1,0,0,1,0,0,1,0
9123,12,2,0,0,38,0,0,0,0,0,1,0,0
20039,6,6,0,0,45,0,1,1,1,0,1,0,0
11132,7,7,0,0,41,0,0,0,1,0,1,0,1
5041,2,2,1,1,32,1,0,0,1,0,0,1,1
1716,14,12,1,1,34,0,0,1,0,1,0,0,0
7597,1,1,0,1,46,0,0,0,0,0,1,1,1
19346,4,4,1,0,34,1,0,1,1,1,1,1,1
8854,1,1,0,1,46,1,0,1,0,0,1,0,1
9937,5,5,0,1,28,1,0,1,1,1,0,1,1
14940,15,9,1,1,55,1,1,0,0,0,0,0,1
8375,5,5,1,0,26,1,1,0,0,0,0,0,1
1686,6,3,0,0,26,1,0,0,0,0,1,0,0
1044,19,2,0,0,39,1,1,0,0,0,0,1,0
16320,1,1,0,0,41,0,1,0,1,1,0,0,0
17939,1,1,0,0,54,0,1,1,1,1,1,0,0
15884,9,9,1,1,38,0,1,1,0,1,1,0,1
4712,15,8,0,0,41,0,1,0,1,1,0,1,0
13163,1,1,1,0,40,0,1,1,0,1,0,0,0
3310,17,3,1,1,38,1,0,1,1,0,0,1,0
11586,1,1,0,1,38,1,1,0,1,1,0,0,0
1789,9,4,1,1,45,0,1,1,0,1,0,0,1
14561,11,2,0,1,31,1,0,1,0,0,0,1,0
7206,5,4,1,1,51,1,0,1,0,1,0,0,1
16439,7,7,0,1,36,1,1,0,1,1,1,1,0
17466,10,10,0,0,37,0,1,0,0,1,1,0,0
7394,5,5,1,1,27,1,0,0,0,0,0,0,1
9260,17,2,1,0,54,0,0,0,1,1,1,1,0
19249,7,4,0,1,49,1,0,0,1,1,1,1,0
10555,15,10,1,0,35,1,0,0,0,1,1,0,0
10033,17,4,1,1,37,1,1,1,0,0,1,0,0
1591,9,9,1,0,49,0,0,1,1,0,1,1,0
13043,14,4,0,0,34,1,1,0,0,1,0,0,0
15052,9,6,0,0,37,1,1,0,0,0,1,0,0
11031,4,4,1,1,42,1,1,1,1,1,1,1,1
15681,19,8,1,0,39,1,0,0,0,1,1,0,0
3168,7,2,1,1,29,1,0,1,0,0,1,1,0
2647,15,8,0,0,43,1,0,1,0,0,0,1,0
6141,6,2,0,0,41,1,0,0,1,0,1,0,1
7067,2,2,0,1,33,0,0,0,1,1,1,0,0
13881,7,7,1,0,55,1,1,1,0,0,1,0,0
2474,6,6,0,1,40,0,1,1,1,1,0,0,1
11920,11,5,0,0,47,1,0,1,0,0,0,1,1
14783,16,4,0,0,36,0,0,0,1,1,1,0,1
6083,3,3,1,0,24,0,0,1,1,0,0,0,1
2361,8,7,0,0,34,0,0,0,1,1,0,0,1
13595,2,2,0,1,41,0,0,0,1,1,0,1,1
4152,18,5,0,0,38,1,0,0,1,0,1,0,0
9706,1,1,0,1,26,1,0,1,1,1,0,1,0
5165,13,10,0,1,33,1,0,1,1,1,1,0,1
8854,8,8,1,0,30,0,0,0,1,1,1,0,1
2437,5,2,1,0,49,0,0,0,0,1,0,1,0
1127,6,6,0,0,43,0,1,0,1,1,1,0,0
12593,12,12,1,1,48,1,0,0,1,0,0,0,1
14887,10,9,1,0,53,0,0,1,1,0,1,0,1
15603,4,3,1,1,37,0,1,1,1,0,0,0,0
10959,3,3,0,1,50,0,0,0,0,0,1,0,0
5048,19,3,0,0,39,1,1,1,1,1,0,0,1
8527,14,12,1,1,34,0,1,1,1,1,1,0,1
1359,4,3,1,0,27,1,0,1,1,1,1,0,0
18198,10,8,1,1,30,1,1,1,1,1,0,0,1
2273,12,10,0,0,36,1,1,1,1,1,1,0,0
2451,3,2,1,0,29,0,1,0,1,0,0,1,1
12455,16,3,1,0,54,0,0,0,1,1,0,1,1
4036,2,2,0,1,51,1,1,1,1,0,1,1,0
6137,2,2,0,0,25,0,1,1,1,1,1,1,1
19941,16,4,1,1,55,0,0,0,0,0,0,1,1
14478,6,4,1,0,29,1,1,0,1,1,0,0,1
9947,7,6,1,1,27,1,1,1,0,1,1,0,0
11741,15,12,0,0,35,0,1,1,1,0,0,1,0
7396,12,11,0,0,47,1,1,1,0,0,1,0,1
5064,13,10,0,1,47,0,0,1,1,1,0,0,1
3070,4,4,1,1,55,1,1,1,0,1,0,1,1
5227,12,8,0,0,50,0,1,1,0,1,0,1,0
11338,14,10,1,0,34,0,0,1,1,0,0,0,1
1007,2,2,1,0,37,1,1,1,1,1,0,0,1
15177,16,12,1,0,36,0,0,0,1,1,1,1,1
18713,8,6,1,0,28,0,0,1,1,0,0,0,0
18847,9,9,0,1,46,0,1,1,0,1,1,0,1
11485,12,11,0,0,33,0,1,1,0,1,1,1,0
11646,1,1,0,0,37,0,1,1,1,0,1,0,0
12673,4,2,0,0,31,0,0,1,1,1,0,1,0
16838,18,7,1,0,38,1,0,1,1,1,1,0,1
16030,11,4,1,0,47,0,1,0,0,0,1,0,0
17490,17,12,1,0,37,1,0,1,1,1,1,0,1
2533,18,6,0,0,53,1,1,0,0,1,1,0,1
4809,10,10,0,1,43,1,1,0,0,0,1,1,1
9668,5,5,1,1,41,1,1,1,1,1,1,1,1
2894,20,9,1,0,46,1,0,1,0,1,1,1,1
12694,2,2,1,0,26,1,1,0,1,1,0,1,0
17656,15,12,0,1,46,0,1,1,0,1,1,0,1
6019,19,4,1,0,46,1,0,0,1,0,0,0,1
7844,14,3,0,1,51,0,1,1,1,0,0,0,1
15425,17,10,1,1,41,1,0,1,1,0,1,1,0
7783,2,2,0,0,50,1,0,0,1,1,0,1,1
3771,9,9,1,1,34,0,0,1,0,1,1,0,0
18459,12,10,0,0,46,0,1,0,0,0,0,1,1
8897,4,4,0,1,37,0,1,0,1,1,1,0,0
18766,3,3,1,1,27,0,1,1,0,1,0,0,1
6872,6,2,1,0,41,0,0,1,1,0,1,1,0
14769,8,8,0,0,48,1,0,0,0,0,1,0,1
8981,20,8,0,0,40,1,1,1,1,1,0,0,0
7648,11,8,1,0,38,1,1,0,1,1,0,0,0
1787,17,4,0,0,46,1,0,1,1,1,0,1,1
14985,9,7,0,1,53,1,1,1,0,1,0,0,0
2445,17,5,0,0,37,1,1,0,0,1,0,0,0
17988,11,11,0,1,46,1,1,0,0,1,1,0,0
4240,16,9,1,0,39,0,0,1,1,1,1,1,0
18102,14,4,1,0,52,0,0,1,1,0,1,1,0
16394,16,4,0,0,55,0,1,1,1,0,0,1,1
15762,16,4,0,1,36,0,0,1,1,1,1,0,0
8500,6,6,0,1,33,1,0,0,0,0,1,0,1
9618,14,5,1,0,36,1,0,1,1,0,0,1,1
4730,6,6,1,0,47,0,1,1,1,1,1,1,1
4637,10,3,0,0,30,0,1,0,1,0,1,1,1
19267,5,3,1,0,45,0,1,1,1,1,1,1,0
11849,7,4,1,1,27,0,0,1,1,1,1,0,1
10696,6,4,1,1,34,0,0,0,1,0,1,1,1
17758,14,2,0,0,44,0,1,1,1,0,0,1,1
14250,15,2,1,0,50,0,1,1,1,1,0,0,0
2221,11,2,1,1,35,0,1,1,0,0,1,0,1
10219,16,12,0,0,40,1,0,1,1,0,0,0,1
19522,16,11,0,0,36,0,0,1,0,0,0,0,0
17099,17,4,0,0,37,1,1,1,1,1,0,1,1
5737,15,12,1,1,53,1,1,1,0,1,1,0,1
12686,3,3,1,1,51,0,0,0,1,1,1,0,1
9452,1,1,0,0,24,0,1,0,0,1,0,0,0
17493,15,9,1,0,35,1,1,1,1,0,1,1,0
2786,9,8,1,0,40,1,1,0,1,1,1,1,0
10838,10,7,1,1,45,0,1,1,1,0,0,1,0
6477,7,2,0,1,46,1,0,1,1,0,0,1,1
9764,19,6,0,1,50,1,0,1,1,0,0,1,0
2578,16,11,0,0,36,0,0,0,1,1,0,0,1
14963,9,4,0,0,53,1,0,0,0,0,0,0,1
2190,7,7,1,0,44,1,1,0,1,0,1,0,1
17188,9,7,0,1,52,0,1,0,1,0,1,1,1
4338,8,4,0,0,38,1,1,0,0,1,1,0,0
6091,3,3,1,0,45,1,0,0,0,0,1,0,0
11719,18,2,1,0,54,1,0,0,1,1,1,0,1
4132,5,4,1,1,54,0,0,1,1,0,1,1,0
1476,11,2,0,1,39,1,0,0,0,1,0,0,1
3353,17,11,0,1,46,0,0,1,0,1,1,0,0
13597,17,2,0,1,37,0,0,0,1,1,1,1,1
5705,16,2,0,0,48,1,1,1,0,0,1,1,0
10434,8,8,1,1,33,0,1,0,1,1,1,0,0
5295,2,2,1,0,45,1,0,0,1,1,1,0,0
9078,11,6,1,1,48,0,0,0,0,1,1,1,1
10095,10,10,1,0,52,0,0,0,0,0,1,0,1
1219,14,10,0,1,34,1,0,1,0,0,0,0,1
18079,19,4,1,1,39,1,0,1,1,0,1,1,1
6716,2,2,0,1,27,0,0,1,1,1,0,1,1
5508,8,6,0,0,33,1,1,0,0,0,1,1,0
16429,1,1,0,1,34,0,0,1,1,1,0,1,1
1181,4,4,1,1,38,0,1,0,0,0,1,0,1
6086,3,3,1,1,35,0,0,1,1,1,0,0,1
15114,11,10,0,0,46,0,1,0,0,1,0,1,0
6810,16,3,0,1,41,1,0,0,1,1,0,0,0
1539,16,12,1,0,53,0,0,1,1,0,0,0,0
953,7,7,0,0,28,0,0,1,1,0,1,0,0
18432,18,7,0,0,39,0,1,1,0,1,1,0,0
7389,15,4,0,0,43,1,1,1,1,1,1,1,1
17718,17,11,1,0,50,0,0,0,1,1,0,1,0
3215,17,11,1,1,37,0,0,0,0,0,0,1,0
12059,15,12,1,0,35,1,0,0,1,1,0,1,0
13393,10,2,1,0,30,0,1,1,0,1,0,0,1
18092,7,4,0,0,53,0,1,0,1,0,0,0,0
8654,15,8,1,1,35,0,0,1,1,1,1,0,1
8836,12,2,0,1,47,1,0,0,1,0,1,0,1
2318,10,3,1,0,30,0,0,0,1,1,0,0,1
11129,13,8,0,0,51,1,1,0,1,0,0,0,1
15550,15,10,1,0,53,1,0,0,0,1,0,1,1
15156,17,9,1,1,46,0,0,0,0,1,0,1,0
9759,17,8,0,1,37,0,0,1,0,0,0,0,1
14771,9,4,0,1,42,1,1,1,0,0,1,1,0
15919,20,8,1,0,40,0,1,1,0,1,1,1,1
911,17,8,0,0,37,0,0,1,1,0,0,1,1
6804,14,8,0,1,44,0,0,0,0,0,1,0,0
9449,13,12,0,1,46,0,0,0,1,0,1,0,0
2163,5,5,0,1,30,0,1,1,1,0,1,0,0
19749,11,6,0,1,31,0,1,1,1,0,0,0,1
10304,18,4,0,0,38,1,0,1,1,0,0,1,0
13386,2,2,0,1,50,1,0,1,0,1,0,0,0
3789,20,4,0,0,41,0,0,1,1,0,0,1,0
6946,16,2,1,1,40,1,1,0,1,1,0,1,1
11064,10,2,1,0,55,1,0,1,1,1,0,1,0
13106,16,6,0,1,47,0,0,0,0,1,1,1,1
12528,8,8,1,1,55,1,1,1,1,0,1,1,1
7218,9,5,1,0,53,1,0,0,0,0,0,1,0
5002,20,9,0,1,48,0,0,0,1,1,0,1,1
9367,7,7,0,0,31,1,1,1,1,1,1,0,0
6932,12,12,1,1,37,0,1,0,0,0,1,0,0
4933,20,11,1,1,42,0,1,0,1,1,0,1,1
3876,20,6,1,0,51,0,0,0,1,1,0,0,1
10972,15,10,0,0,35,1,0,0,1,0,0,0,1
3349,12,12,0,1,33,1,1,0,0,0,0,1,1
5317,19,2,1,1,39,0,0,0,1,0,1,0,0
5238,5,5,1,1,32,1,1,0,1,0,0,1,0
19736,3,3,0,1,33,1,0,1,1,0,0,0,1
5273,19,12,1,1,46,1,1,1,1,1,1,0,1
2596,8,4,1,0,33,1,1,0,1,1,1,0,0
3981,10,6,1,0,53,1,1,0,0,0,1,1,1
16566,17,5,1,1,53,0,1,0,1,0,0,1,0
11054,20,6,0,0,40,1,1,0,0,1,1,1,0
18548,17,2,1,1,39,1,1,1,0,0,0,0,0
9588,2,2,1,1,44,0,1,1,0,1,1,1,0
8804,7,4,0,0,42,0,0,1,0,0,1,1,1
15771,1,1,0,0,47,1,1,0,0,1,0,1,0
1538,9,9,0,1,34,1,1,1,0,1,1,1,0
2555,4,4,1,0,44,0,1,0,1,1,0,0,0
5151,20,5,1,1,40,0,0,0,0,1,0,1,1
18361,14,6,1,1,36,0,0,1,1,0,1,0,1
9415,6,4,1,1,53,0,1,1,1,0,0,0,0
1175,16,6,1,0,55,0,0,1,1,0,1,0,1
1964,18,9,0,1,38,0,1,0,0,1,0,0,1
3696,13,11,1,1,46,0,0,0,0,1,0,1,0
14670,12,2,0,0,32,1,1,1,1,0,0,0,1
2105,9,9,1,0,30,0,1,0,0,0,1,1,0
4939,18,10,1,1,38,1,1,1,0,1,1,1,1
6934,17,12,0,1,48,0,0,1,0,0,0,1,0
3264,8,8,1,0,28,1,0,1,0,0,0,0,1
2015,16,8,0,0,53,1,0,1,1,0,1,0,1
15870,6,3,0,0,26,1,1,1,1,0,0,1,1
12857,18,3,1,0,41,1,1,1,1,1,0,1,0
16935,14,6,1,1,43,1,1,0,0,0,1,1,0
10397,3,2,1,0,48,1,1,0,0,1,0,1,1
12295,5,5,0,1,46,0,1,1,1,1,1,1,0
15862,9,6,1,0,36,0,1,1,1,1,1,0,0
10207,20,4,1,0,40,0,1,1,1,0,1,0,0
921,5,2,0,1,50,0,0,0,1,0,0,1,0
10148,18,12,1,1,38,0,0,0,0,1,1,1,0
12153,8,3,1,0,28,1,1,1,1,1,1,0,0
14744,6,4,1,1,28,1,1,0,0,0,1,0,1
19443,15,5,1,0,43,0,0,1,0,0,1,1,0
19092,15,4,0,1,39,0,1,0,1,0,1,0,1
1111,13,11,0,1,33,0,1,0,1,1,0,0,1
2732,11,4,1,1,54,0,1,0,1,0,0,0,1
16490,3,3,0,0,44,1,1,1,1,1,0,1,0
6153,14,8,1,0,43,1,1,1,1,0,0,0,0
10512,12,10,0,1,39,0,1,1,0,1,0,1,1
9236,8,3,0,1,37,1,0,0,0,0,0,1,0
5813,15,10,0,0,35,1,1,0,0,1,0,1,0
7556,20,7,1,1,52,0,1,1,0,0,1,1,1
2731,14,9,0,0,40,0,0,0,0,1,0,0,0
19997,10,10,1,0,30,1,0,0,0,1,1,0,1
14337,17,6,1,1,37,1,0,0,1,1,0,0,1
10926,19,8,1,1,39,0,0,0,0,1,0,1,1
7113,15,5,1,1,45,0,0,1,0,1,0,0,0
2428,7,7,1,0,48,1,0,0,0,1,0,1,1
3944,10,8,0,1,46,0,1,0,1,1,0,0,0
15424,3,3,0,0,34,0,1,1,1,0,0,0,1
11032,16,3,1,1,36,1,0,1,1,1,1,0,0
15438,4,4,1,1,39,1,0,0,1,0,1,0,1
16705,6,5,1,0,55,0,0,0,0,1,1,1,1
7450,20,10,0,0,55,1,0,1,0,0,1,0,0
7415,8,3,0,0,35,1,1,1,1,1,1,0,1
2536,20,9,1,1,40,0,1,0,1,0,1,0,1
16683,19,6,0,0,46,0,1,1,1,1,0,0,0
7666,7,2,1,1,43,0,1,0,0,0,1,1,0
15727,7,2,1,0,30,1,1,1,1,0,0,1,0
12861,11,9,1,1,46,1,1,1,1,1,0,0,0
10178,3,3,1,0,33,1,1,1,0,0,1,0,0
15257,16,5,1,0,37,1,0,1,0,0,0,1,0
12147,16,4,0,1,37,1,1,1,1,0,1,0,1
890,2,2,1,0,45,1,0,0,0,0,0,1,0
7279,20,2,1,0,41,0,0,0,1,0,0,0,1
2541,8,5,1,1,53,0,0,1,1,1,1,1,1
18660,15,3,1,1,35,0,1,0,1,1,1,0,1
4113,1,1,0,1,41,0,1,0,1,0,1,0,0
6908,6,6,1,0,48,1,1,1,1,0,1,1,1
15395,3,3,1,0,48,1,0,0,1,1,0,0,1
11381,2,2,0,0,33,1,0,0,1,0,1,0,1
7867,10,3,1,1,30,1,0,0,1,0,0,0,1
3039,8,3,0,0,28,0,1,0,0,0,0,1,1
14963,14,4,1,1,35,0,0,1,0,0,1,1,0
19175,17,6,0,1,46,1,0,0,0,0,0,1,1
18676,8,7,0,0,46,0,1,0,0,1,1,1,0
12202,1,1,1,0,44,1,1,1,1,1,1,1,0
4249,8,8,1,1,32,1,1,0,0,0,0,0,0
2188,1,1,0,0,52,0,1,0,1,1,1,1,0
7080,11,11,0,1,31,1,1,0,0,1,1,1,0
4930,1,1,0,0,30,1,0,0,0,1,1,0,1
18864,12,8,1,0,42,0,0,1,0,1,0,0,1
1871,1,1,1,1,53,1,0,0,0,0,0,0,1
19093,13,10,1,1,33,0,1,1,1,0,0,0,0
17460,17,12,1,1,48,0,0,0,0,0,0,1,1
4597,15,12,0,0,35,1,1,0,0,0,1,0,1
15701,19,6,1,1,39,1,0,0,0,1,0,0,0
3687,12,7,1,0,52,1,1,0,0,1,1,0,0
10146,4,4,0,0,40,1,1,1,1,0,1,0,0
4064,12,6,0,0,32,1,1,0,0,1,0,0,0
19211,12,12,0,1,44,1,1,0,1,0,1,1,0
13960,16,12,0,1,36,1,1,0,1,0,0,0,0
17243,17,8,1,0,52,0,0,1,0,0,0,0,1
6307,13,5,0,0,33,1,1,1,1,0,1,1,0
18016,20,3,1,1,48,1,1,1,0,0,0,0,0
19563,12,4,1,0,41,1,1,1,0,0,1,0,1
18024,17,12,0,1,50,0,1,1,0,1,1,1,0
19726,12,5,1,0,32,1,0,0,1,1,1,0,0
1335,14,8,0,1,38,0,1,0,1,1,1,0,0
8450,13,8,1,1,33,1,0,0,0,1,1,0,1
10137,12,2,0,1,42,1,0,0,1,1,1,0,0
8207,9,8,1,0,54,1,1,1,0,0,0,1,1
14898,4,4,0,0,55,1,0,0,0,0,0,1,0
1040,19,7,1,0,39,0,1,0,1,0,0,1,1
5820,19,10,0,1,39,0,1,1,0,0,1,1,1
9242,7,3,1,0,27,1,0,0,1,1,1,1,0
4284,2,2,0,1,27,1,0,1,0,0,1,1,0
6211,3,3,1,0,30,1,0,0,1,1,0,1,0
14518,12,9,0,0,46,0,1,0,1,0,1,0,1
12105,11,2,0,1,36,1,1,0,0,0,0,1,1
4157,1,1,1,1,31,0,0,0,0,1,1,0,0
6044,18,9,1,0,50,1,1,1,1,0,1,1,0
8971,10,9,0,1,30,1,1,1,0,1,0,1,0
6660,11,8,0,1,53,1,1,0,1,1,1,0,1
10298,8,6,0,1,28,1,1,1,1,1,1,1,0
10016,9,5,0,1,38,0,0,1,0,0,1,1,0
7216,6,6,1,1,54,0,1,1,1,0,0,1,0
11479,17,10,1,1,54,0,0,0,0,1,0,1,0
18869,15,2,1,1,35,1,1,0,0,0,1,1,1
18475,2,2,0,1,47,0,1,1,1,0,0,1,1
3787,3,2,0,1,29,1,1,1,1,1,0,1,1
10441,16,7,0,1,36,1,0,1,0,0,1,0,1
1712,20,6,1,0,55,0,1,1,0,1,1,1,0
5307,20,8,0,0,43,1,0,0,1,0,1,0,0
14213,8,4,0,1,50,1,0,0,0,0,1,0,0
17999,12,3,0,1,32,0,1,1,1,0,1,1,1
6494,5,5,0,1,37,0,0,0,1,0,0,1,1
16256,20,6,1,0,51,0,1,0,0,1,1,0,1
16107,9,6,0,0,47,0,0,0,1,0,1,0,0
8111,1,1,0,0,49,1,1,1,0,0,0,1,0
7030,5,2,0,0,37,0,0,1,1,1,0,0,0
19704,4,3,0,0,36,1,1,1,1,1,0,0,1
13987,17,6,1,1,55,0,0,1,1,1,1,1,1
17448,17,9,0,0,51,0,0,0,0,0,0,0,0
8471,6,6,0,0,27,0,0,1,0,1,0,1,1
3060,12,3,1,1,50,0,1,0,0,0,1,1,0
9043,6,6,0,0,41,0,1,0,1,1,0,0,1
7845,4,4,1,1,50,0,1,1,0,1,0,0,0
12519,11,9,0,0,49,1,1,0,1,1,0,0,1
17782,15,12,1,0,42,0,1,1,0,1,1,1,0
5691,1,1,1,1,34,1,0,0,0,0,0,0,1
1551,20,8,0,1,48,1,0,0,1,1,0,1,1
14870,5,5,1,1,51,1,0,0,0,1,1,1,0
13345,11,10,1,1,35,0,0,1,1,1,0,1,0
7307,10,10,1,0,30,0,0,0,1,0,0,1,1
10502,16,5,0,0,44,1,0,1,0,0,0,1,0
12625,20,2,1,1,43,0,1,0,1,0,0,1,1
7784,6,3,1,1,38,0,1,1,0,1,0,0,0
12601,18,10,1,1,38,0,0,0,1,0,0,1,1
1080,8,8,1,1,50,0,1,0,1,0,0,0,0
888,13,6,0,0,54,1,0,1,0,1,1,1,0
9467,10,10,1,1,30,0,0,1,1,1,1,0,0
11799,16,11,0,0,36,1,0,1,1,0,0,1,0
18600,20,8,1,1,40,1,0,1,0,1,0,1,1
7110,2,2,1,0,54,1,0,0,1,0,1,1,0
2165,8,3,0,0,31,1,1,1,1,0,1,1,1
7369,3,3,0,1,24,1,1,1,1,0,0,1,1
9165,2,2,0,0,54,0,0,1,0,1,1,0,0
11522,7,7,1,1,50,0,0,1,1,1,0,1,0
13566,3,3,0,1,37,1,0,1,0,0,1,0,0
9739,16,3,0,1,38,1,1,0,1,1,0,0,0
16570,19,10,1,0,39,0,1,0,0,0,0,0,0
17136,7,5,0,0,30,1,1,1,0,0,0,1,0
5235,14,10,0,1,51,1,0,1,0,0,0,0,1
10640,4,4,0,0,33,0,0,1,0,0,1,0,0
7415,9,4,0,1,29,1,1,1,0,0,0,1,0
2756,1,1,1,1,25,1,1,1,0,0,0,0,0
2406,9,5,0,0,35,0,0,1,0,0,0,0,1
4422,4,4,0,0,36,1,1,0,0,0,1,0,0
12262,13,4,0,0,33,0,1,1,0,1,0,1,0
3265,2,2,1,1,30,1,1,1,0,1,0,0,0
8271,16,5,0,1,44,0,0,0,1,1,0,0,0
18482,12,6,0,1,49,0,0,0,0,1,0,0,1
2517,15,5,0,1,53,1,0,1,0,0,1,1,0
3590,8,7,1,1,35,0,1,0,1,1,1,0,1
2723,2,2,1,1,54,1,1,1,0,0,1,1,1
18326,16,3,1,1,36,0,1,0,0,1,1,1,0
2794,14,10,0,1,38,0,0,0,0,1,1,0,0
1917,8,3,0,0,32,0,1,1,0,0,0,1,0
6719,9,9,0,1,55,0,1,1,1,0,0,1,1
8246,5,5,0,1,42,1,1,1,0,0,1,0,1
12153,11,11,0,1,52,1,0,0,1,1,0,1,1
6241,4,4,1,1,25,1,0,0,1,0,0,1,1
7240,3,3,0,1,33,1,0,1,1,0,1,1,1
19754,2,2,0,1,46,0,0,0,0,0,1,0,1
1229,7,7,1,0,52,0,1,0,1,1,1,1,1
1185,5,5,1,1,32,1,1,0,1,1,0,0,1
12821,7,7,1,0,32,0,1,0,1,0,0,1,1
13456,15,6,1,1,50,1,1,1,0,1,0,0,0
19773,7,3,0,1,28,0,1,1,1,0,1,1,1
6098,12,3,1,1,32,1,0,0,0,1,1,0,1
12133,16,8,1,0,36,1,1,1,0,0,0,1,1
854,11,4,0,1,34,1,0,1,0,1,1,0,0
13444,8,8,1,0,36,0,0,1,0,0,0,1,1
17170,16,6,1,1,44,0,1,0,1,1,1,0,0
